vendor_id,vendor_name,category,spend_amount,date,department,payment_method,transaction_type,year,month,month_name,quarter,quarter_label,spend_tier
V008,Hexaware Technologies,IT Services,10459.9,22-10-2023,HR,Unknown,Invoice,2023,10,October,4,Q4,Mid (₹10K–50K)
V011,Amazon Web Services,Cloud Infrastructure,33309.16,17-09-2023,Marketing,RTGS,Invoice,2023,9,September,3,Q3,Mid (₹10K–50K)
V002,Infosys Ltd,Legal & Compliance,79846.74,16-02-2023,IT,RTGS,Invoice,2023,2,February,1,Q1,Strategic (₹50K–2L)
V007,Mphasis,Logistics,27262.36,01-01-2023,Operations,Bank Transfer,Invoice,2023,1,January,1,Q1,Mid (₹10K–50K)
V008,Hexaware Technologies,Legal & Compliance,26936.65,20-11-2023,R&D,Cheque,Invoice,2023,11,November,4,Q4,Mid (₹10K–50K)
V006,L&T Infotech,Marketing,44606.82,03-03-2023,Procurement,UPI,Invoice,2023,3,March,1,Q1,Mid (₹10K–50K)
V019,DHL India,Telecom,6570.22,30-09-2023,Operations,Unknown,Invoice,2023,9,September,3,Q3,Tail (<₹10K)
V016,Reliance Jio,Unknown,117084.85,06-06-2023,Legal,Unknown,Invoice,2023,6,June,2,Q2,Strategic (₹50K–2L)
V003,Wipro Technologies,IT Services,24308.92,29-08-2023,Procurement,Bank Transfer,Invoice,2023,8,August,3,Q3,Mid (₹10K–50K)
V011,Amazon Web Services,Marketing,8222.43,13-09-2023,IT,UPI,Invoice,2023,9,September,3,Q3,Tail (<₹10K)
V002,Infosys Ltd,IT Services,71178.17,15-04-2023,Finance,RTGS,Invoice,2023,4,April,2,Q2,Strategic (₹50K–2L)
V020,BLUE DART EXPRESS,HR & Payroll,10485.09,07-01-2023,Operations,Credit Card,Invoice,2023,1,January,1,Q1,Mid (₹10K–50K)
V016,RELIANCE JIO,Legal & Compliance,21417.14,10-10-2023,Administration,NEFT,Invoice,2023,10,October,4,Q4,Mid (₹10K–50K)
V015,IBM India,Legal & Compliance,21921.55,11-09-2023,Finance,Unknown,Invoice,2023,9,September,3,Q3,Mid (₹10K–50K)
V001,Tata Consultancy Services,Facilities,57663.57,14-03-2023,Operations,Credit Card,Invoice,2023,3,March,1,Q1,Strategic (₹50K–2L)
V012,Microsoft India,HR & Payroll,447246.3,20-03-2023,Administration,Cheque,Invoice,2023,3,March,1,Q1,Critical (>₹2L)
V014,SAP India,Marketing,6388.78,15-04-2023,Marketing,RTGS,Invoice,2023,4,April,2,Q2,Tail (<₹10K)
V012,Microsoft India,IT Services,49675.46,08-09-2023,Procurement,Bank Transfer,Invoice,2023,9,September,3,Q3,Mid (₹10K–50K)
V005,Tech Mahindra,Facilities,19692.25,24-01-2023,Administration,Bank Transfer,Invoice,2023,1,January,1,Q1,Mid (₹10K–50K)
V006,L&T Infotech,Logistics,129126.35,01-12-2023,R&D,UPI,Invoice,2023,12,December,4,Q4,Strategic (₹50K–2L)
V013,Oracle India,HR & Payroll,3655.78,13-03-2023,Marketing,NEFT,Invoice,2023,3,March,1,Q1,Tail (<₹10K)
V016,Reliance Jio,Telecom,30268.35,02-10-2023,Marketing,Bank Transfer,Invoice,2023,10,October,4,Q4,Mid (₹10K–50K)
V017,Airtel Business,Telecom,29973.64,15-04-2023,Legal,RTGS,Invoice,2023,4,April,2,Q2,Mid (₹10K–50K)
V003,Wipro Technologies,Cloud Infrastructure,11236.62,01-11-2023,Legal,UPI,Invoice,2023,11,November,4,Q4,Mid (₹10K–50K)
V001,Tata Consultancy Services,Marketing,184360.22,11-07-2023,Administration,Cheque,Invoice,2023,7,July,3,Q3,Strategic (₹50K–2L)
V010,Capgemini India,Marketing,93829.85,17-11-2023,Marketing,UPI,Invoice,2023,11,November,4,Q4,Strategic (₹50K–2L)
V020,BLUE DART EXPRESS,Legal & Compliance,11537.43,16-02-2023,IT,Credit Card,Invoice,2023,2,February,1,Q1,Mid (₹10K–50K)
V017,Airtel Business,HR & Payroll,57111.49,09-09-2023,Operations,RTGS,Invoice,2023,9,September,3,Q3,Strategic (₹50K–2L)
V002,Infosys Ltd,Facilities,275011.99,16-01-2023,Administration,Cheque,Invoice,2023,1,January,1,Q1,Critical (>₹2L)
V013,Oracle India,HR & Payroll,16113.39,02-03-2023,Legal,NEFT,Invoice,2023,3,March,1,Q1,Mid (₹10K–50K)
V003,Wipro Technologies,Logistics,56382.71,04-12-2023,Finance,RTGS,Invoice,2023,12,December,4,Q4,Strategic (₹50K–2L)
V009,Cognizant India,Telecom,10150.07,04-03-2023,Administration,Bank Transfer,Invoice,2023,3,March,1,Q1,Mid (₹10K–50K)
V015,IBM India,Facilities,36544.74,22-07-2023,Finance,UPI,Invoice,2023,7,July,3,Q3,Mid (₹10K–50K)
V011,Amazon Web Services,HR & Payroll,11275.44,07-07-2023,Sales,UPI,Invoice,2023,7,July,3,Q3,Mid (₹10K–50K)
V015,IBM India,Facilities,19231.17,04-08-2023,Marketing,RTGS,Invoice,2023,8,August,3,Q3,Mid (₹10K–50K)
V010,Capgemini India,Telecom,54110.14,28-01-2023,R&D,Unknown,Invoice,2023,1,January,1,Q1,Strategic (₹50K–2L)
V005,Tech Mahindra,Logistics,742.84,28-02-2023,HR,Bank Transfer,Invoice,2023,2,February,1,Q1,Tail (<₹10K)
V013,ORACLE INDIA,Marketing,10085.51,23-05-2023,HR,Unknown,Invoice,2023,5,May,2,Q2,Mid (₹10K–50K)
V013,Oracle India,Cloud Infrastructure,36544.74,09-12-2023,Procurement,Bank Transfer,Invoice,2023,12,December,4,Q4,Mid (₹10K–50K)
V015,IBM India,IT Services,89529.16,28-05-2023,HR,Credit Card,Invoice,2023,5,May,2,Q2,Strategic (₹50K–2L)
V011,amazon web services,Cloud Infrastructure,48916.24,21-10-2023,Operations,Credit Card,Invoice,2023,10,October,4,Q4,Mid (₹10K–50K)
V018,BSNL,Telecom,35178.25,07-01-2023,Operations,UPI,Invoice,2023,1,January,1,Q1,Mid (₹10K–50K)
V015,IBM India,Telecom,41955.08,24-11-2023,Sales,RTGS,Invoice,2023,11,November,4,Q4,Mid (₹10K–50K)
V018,BSNL,Unknown,33106.27,22-05-2023,Procurement,NEFT,Invoice,2023,5,May,2,Q2,Mid (₹10K–50K)
V003,Wipro Technologies,Logistics,24876.45,29-01-2023,R&D,RTGS,Invoice,2023,1,January,1,Q1,Mid (₹10K–50K)
V004,HCL TECHNOLOGIES,Logistics,65910.76,25-04-2023,HR,NEFT,Invoice,2023,4,April,2,Q2,Strategic (₹50K–2L)
V007,Mphasis,IT Services,40291.98,31-08-2023,Finance,NEFT,Invoice,2023,8,August,3,Q3,Mid (₹10K–50K)
V011,Amazon Web Services,Cloud Infrastructure,145847.19,26-04-2023,IT,Unknown,Invoice,2023,4,April,2,Q2,Strategic (₹50K–2L)
V001,Tata Consultancy Services,Legal & Compliance,16745.02,15-08-2023,Administration,Cheque,Invoice,2023,8,August,3,Q3,Mid (₹10K–50K)
V016,Reliance Jio,Logistics,35415.97,04-03-2023,Marketing,UPI,Invoice,2023,3,March,1,Q1,Mid (₹10K–50K)
V010,CAPGEMINI INDIA,Facilities,54726.71,14-11-2023,Legal,Cheque,Invoice,2023,11,November,4,Q4,Strategic (₹50K–2L)
V020,Blue Dart Express,Logistics,17672.05,05-09-2023,Marketing,NEFT,Invoice,2023,9,September,3,Q3,Mid (₹10K–50K)
V007,Mphasis,HR & Payroll,20283.51,19-08-2023,Finance,Bank Transfer,Invoice,2023,8,August,3,Q3,Mid (₹10K–50K)
V009,Cognizant India,Legal & Compliance,36544.74,10-05-2023,Administration,NEFT,Invoice,2023,5,May,2,Q2,Mid (₹10K–50K)
V009,Cognizant India,Unknown,37399.48,11-06-2023,IT,Bank Transfer,Invoice,2023,6,June,2,Q2,Mid (₹10K–50K)
V003,Wipro Technologies,Facilities,37127.09,08-08-2023,Procurement,Cheque,Invoice,2023,8,August,3,Q3,Mid (₹10K–50K)
V005,Tech Mahindra,Legal & Compliance,18687.7,22-09-2023,Sales,Unknown,Invoice,2023,9,September,3,Q3,Mid (₹10K–50K)
V002,Infosys Ltd,HR & Payroll,78144.19,18-08-2023,Operations,NEFT,Invoice,2023,8,August,3,Q3,Strategic (₹50K–2L)
V010,Capgemini India,Logistics,27919.46,03-02-2023,IT,Unknown,Invoice,2023,2,February,1,Q1,Mid (₹10K–50K)
V009,Cognizant India,Cloud Infrastructure,256360.17,07-12-2023,Legal,Credit Card,Invoice,2023,12,December,4,Q4,Critical (>₹2L)
V013,Oracle India,Logistics,19323.82,16-03-2023,Administration,Bank Transfer,Invoice,2023,3,March,1,Q1,Mid (₹10K–50K)
V003,Wipro Technologies,Cloud Infrastructure,97446.02,30-11-2023,Finance,UPI,Invoice,2023,11,November,4,Q4,Strategic (₹50K–2L)
V008,Hexaware Technologies,HR & Payroll,28462.58,28-10-2023,Administration,UPI,Invoice,2023,10,October,4,Q4,Mid (₹10K–50K)
V004,HCL Technologies,Cloud Infrastructure,54687.06,25-11-2023,HR,Credit Card,Invoice,2023,11,November,4,Q4,Strategic (₹50K–2L)
V018,BSNL,Marketing,184884.77,09-08-2023,Legal,Bank Transfer,Invoice,2023,8,August,3,Q3,Strategic (₹50K–2L)
V018,BSNL,IT Services,20767.08,17-01-2023,HR,Unknown,Invoice,2023,1,January,1,Q1,Mid (₹10K–50K)
V011,Amazon Web Services,Facilities,82723.73,14-03-2023,Administration,UPI,Invoice,2023,3,March,1,Q1,Strategic (₹50K–2L)
V003,Wipro Technologies,HR & Payroll,19219.7,17-06-2023,Sales,Cheque,Invoice,2023,6,June,2,Q2,Mid (₹10K–50K)
V002,Infosys Ltd,Telecom,66568.36,26-02-2023,Operations,Unknown,Invoice,2023,2,February,1,Q1,Strategic (₹50K–2L)
V009,cognizant india,Marketing,26269.14,23-09-2023,Legal,UPI,Invoice,2023,9,September,3,Q3,Mid (₹10K–50K)
V010,Capgemini India,IT Services,1870.62,09-04-2023,IT,Unknown,Invoice,2023,4,April,2,Q2,Tail (<₹10K)
V006,L&T Infotech,Cloud Infrastructure,6527.83,13-03-2023,HR,NEFT,Invoice,2023,3,March,1,Q1,Tail (<₹10K)
V018,BSNL,Marketing,4898.64,26-01-2023,Operations,Cheque,Invoice,2023,1,January,1,Q1,Tail (<₹10K)
V008,Hexaware Technologies,Facilities,36544.74,15-12-2023,Legal,NEFT,Invoice,2023,12,December,4,Q4,Mid (₹10K–50K)
V012,Microsoft India,Cloud Infrastructure,16634.41,04-06-2023,Legal,RTGS,Invoice,2023,6,June,2,Q2,Mid (₹10K–50K)
V004,HCL Technologies,Logistics,4378.02,18-04-2023,R&D,Credit Card,Invoice,2023,4,April,2,Q2,Tail (<₹10K)
V012,Microsoft India,IT Services,59595.61,15-10-2023,R&D,RTGS,Invoice,2023,10,October,4,Q4,Strategic (₹50K–2L)
V015,IBM India,Legal & Compliance,64079.84,10-06-2023,Procurement,Credit Card,Invoice,2023,6,June,2,Q2,Strategic (₹50K–2L)
V014,SAP India,Facilities,213944.7,23-12-2023,R&D,Bank Transfer,Invoice,2023,12,December,4,Q4,Critical (>₹2L)
V015,IBM India,Legal & Compliance,3489.43,26-01-2023,Finance,RTGS,Invoice,2023,1,January,1,Q1,Tail (<₹10K)
V002,infosys ltd,IT Services,46947.06,06-07-2023,Administration,Cheque,Invoice,2023,7,July,3,Q3,Mid (₹10K–50K)
V014,SAP India,Facilities,19888.39,28-08-2023,IT,NEFT,Invoice,2023,8,August,3,Q3,Mid (₹10K–50K)
V012,Microsoft India,Unknown,55789.72,08-12-2023,Sales,RTGS,Invoice,2023,12,December,4,Q4,Strategic (₹50K–2L)
V001,TATA CONSULTANCY SERVICES,Cloud Infrastructure,143272.67,16-08-2023,Procurement,Cheque,Invoice,2023,8,August,3,Q3,Strategic (₹50K–2L)
V004,HCL TECHNOLOGIES,Legal & Compliance,36544.74,13-12-2023,Operations,Unknown,Invoice,2023,12,December,4,Q4,Mid (₹10K–50K)
V002,Infosys Ltd,Legal & Compliance,98251.59,18-12-2023,Procurement,NEFT,Invoice,2023,12,December,4,Q4,Strategic (₹50K–2L)
V005,Tech Mahindra,Logistics,233262.87,05-09-2023,Procurement,Cheque,Invoice,2023,9,September,3,Q3,Critical (>₹2L)
V009,Cognizant India,Cloud Infrastructure,129328.3,26-07-2023,Operations,UPI,Invoice,2023,7,July,3,Q3,Strategic (₹50K–2L)
V004,HCL Technologies,Logistics,9627.68,25-02-2023,Finance,UPI,Invoice,2023,2,February,1,Q1,Tail (<₹10K)
V014,SAP India,Telecom,949986.45,05-07-2023,Administration,UPI,Invoice,2023,7,July,3,Q3,Critical (>₹2L)
V011,Amazon Web Services,IT Services,12698.74,18-10-2023,Legal,UPI,Invoice,2023,10,October,4,Q4,Mid (₹10K–50K)
V005,Tech Mahindra,HR & Payroll,67725.35,22-04-2023,Finance,UPI,Invoice,2023,4,April,2,Q2,Strategic (₹50K–2L)
V005,Tech Mahindra,Cloud Infrastructure,36544.74,27-06-2023,Sales,Bank Transfer,Invoice,2023,6,June,2,Q2,Mid (₹10K–50K)
V018,BSNL,Legal & Compliance,41805.9,29-05-2023,IT,Bank Transfer,Invoice,2023,5,May,2,Q2,Mid (₹10K–50K)
V006,L&T Infotech,IT Services,91586.42,24-11-2023,Procurement,RTGS,Invoice,2023,11,November,4,Q4,Strategic (₹50K–2L)
V008,Hexaware Technologies,Legal & Compliance,16580.87,23-01-2023,IT,RTGS,Invoice,2023,1,January,1,Q1,Mid (₹10K–50K)
V006,L&T Infotech,Logistics,39572.1,10-07-2023,Operations,Unknown,Invoice,2023,7,July,3,Q3,Mid (₹10K–50K)
V013,Oracle India,Logistics,52949.65,06-01-2023,Sales,Credit Card,Invoice,2023,1,January,1,Q1,Strategic (₹50K–2L)
V001,Tata Consultancy Services,Facilities,12983.19,18-12-2023,Procurement,Bank Transfer,Invoice,2023,12,December,4,Q4,Mid (₹10K–50K)
V008,Hexaware Technologies,Facilities,20434.72,23-05-2023,Legal,Unknown,Invoice,2023,5,May,2,Q2,Mid (₹10K–50K)
V013,Oracle India,IT Services,39488.41,14-08-2023,IT,Cheque,Invoice,2023,8,August,3,Q3,Mid (₹10K–50K)
V003,Wipro Technologies,IT Services,40802.27,13-04-2023,HR,Unknown,Invoice,2023,4,April,2,Q2,Mid (₹10K–50K)
V011,Amazon Web Services,Telecom,67274.94,15-02-2023,Legal,Cheque,Invoice,2023,2,February,1,Q1,Strategic (₹50K–2L)
V007,Mphasis,Facilities,11756.3,27-11-2023,Marketing,Bank Transfer,Invoice,2023,11,November,4,Q4,Mid (₹10K–50K)
V006,L&T INFOTECH,Facilities,46358.33,12-10-2023,Administration,Credit Card,Invoice,2023,10,October,4,Q4,Mid (₹10K–50K)
V014,SAP India,Cloud Infrastructure,383720.68,22-08-2023,Administration,UPI,Invoice,2023,8,August,3,Q3,Critical (>₹2L)
V018,BSNL,Telecom,85545.24,31-07-2023,HR,RTGS,Invoice,2023,7,July,3,Q3,Strategic (₹50K–2L)
V017,Airtel Business,Marketing,25590.27,09-03-2023,Sales,Credit Card,Invoice,2023,3,March,1,Q1,Mid (₹10K–50K)
V015,IBM India,Facilities,49281.55,22-02-2023,R&D,Bank Transfer,Invoice,2023,2,February,1,Q1,Mid (₹10K–50K)
V002,Infosys Ltd,Legal & Compliance,7997.94,21-09-2023,Marketing,Cheque,Invoice,2023,9,September,3,Q3,Tail (<₹10K)
V006,L&T Infotech,Legal & Compliance,98361.33,07-08-2023,Legal,Credit Card,Invoice,2023,8,August,3,Q3,Strategic (₹50K–2L)
V006,L&T Infotech,Unknown,116527.8,19-10-2023,Finance,RTGS,Invoice,2023,10,October,4,Q4,Strategic (₹50K–2L)
V017,Airtel Business,Legal & Compliance,39380.35,22-01-2023,Sales,Unknown,Invoice,2023,1,January,1,Q1,Mid (₹10K–50K)
V012,Microsoft India,Cloud Infrastructure,20681.38,08-05-2023,Operations,Credit Card,Invoice,2023,5,May,2,Q2,Mid (₹10K–50K)
V013,Oracle India,IT Services,21308.22,26-11-2023,Finance,NEFT,Invoice,2023,11,November,4,Q4,Mid (₹10K–50K)
V001,Tata Consultancy Services,Telecom,92001.56,06-03-2023,Finance,Bank Transfer,Invoice,2023,3,March,1,Q1,Strategic (₹50K–2L)
V015,IBM India,HR & Payroll,15639.21,07-11-2023,R&D,Credit Card,Invoice,2023,11,November,4,Q4,Mid (₹10K–50K)
V009,Cognizant India,Marketing,13867,04-05-2023,Operations,Credit Card,Invoice,2023,5,May,2,Q2,Mid (₹10K–50K)
V013,Oracle India,Cloud Infrastructure,20613.09,14-10-2023,Marketing,Cheque,Invoice,2023,10,October,4,Q4,Mid (₹10K–50K)
V008,Hexaware Technologies,Logistics,36764.19,09-05-2023,Operations,NEFT,Invoice,2023,5,May,2,Q2,Mid (₹10K–50K)
V020,Blue Dart Express,IT Services,121485.64,19-06-2023,Procurement,Credit Card,Invoice,2023,6,June,2,Q2,Strategic (₹50K–2L)
V003,Wipro Technologies,Legal & Compliance,34190.88,06-01-2023,Administration,RTGS,Invoice,2023,1,January,1,Q1,Mid (₹10K–50K)
V019,DHL India,Legal & Compliance,173958.94,21-08-2023,Marketing,Credit Card,Invoice,2023,8,August,3,Q3,Strategic (₹50K–2L)
V016,RELIANCE JIO,IT Services,110350.07,05-11-2023,HR,NEFT,Invoice,2023,11,November,4,Q4,Strategic (₹50K–2L)
V001,Tata Consultancy Services,Cloud Infrastructure,52737.87,05-05-2023,Administration,Credit Card,Invoice,2023,5,May,2,Q2,Strategic (₹50K–2L)
V011,Amazon Web Services,HR & Payroll,27900.33,16-07-2023,HR,Credit Card,Invoice,2023,7,July,3,Q3,Mid (₹10K–50K)
V020,Blue Dart Express,Logistics,31644.39,04-06-2023,HR,Bank Transfer,Invoice,2023,6,June,2,Q2,Mid (₹10K–50K)
V019,DHL India,Telecom,28109.52,20-06-2023,HR,RTGS,Invoice,2023,6,June,2,Q2,Mid (₹10K–50K)
V018,BSNL,Legal & Compliance,51417.29,03-06-2023,Sales,Unknown,Invoice,2023,6,June,2,Q2,Strategic (₹50K–2L)
V012,Microsoft India,Cloud Infrastructure,69638.44,22-11-2023,R&D,NEFT,Invoice,2023,11,November,4,Q4,Strategic (₹50K–2L)
V015,IBM India,Telecom,228498.9,09-01-2023,Administration,Bank Transfer,Invoice,2023,1,January,1,Q1,Critical (>₹2L)
V020,Blue Dart Express,Marketing,11220.34,27-06-2023,Administration,Credit Card,Invoice,2023,6,June,2,Q2,Mid (₹10K–50K)
V008,Hexaware Technologies,Facilities,11940.41,17-01-2023,R&D,UPI,Invoice,2023,1,January,1,Q1,Mid (₹10K–50K)
V013,Oracle India,Telecom,22438.54,05-05-2023,R&D,Credit Card,Invoice,2023,5,May,2,Q2,Mid (₹10K–50K)
V018,BSNL,Marketing,117025.1,12-01-2023,Finance,RTGS,Invoice,2023,1,January,1,Q1,Strategic (₹50K–2L)
V005,Tech Mahindra,IT Services,20098.47,20-01-2023,Finance,NEFT,Invoice,2023,1,January,1,Q1,Mid (₹10K–50K)
V005,Tech Mahindra,Legal & Compliance,33811.95,09-02-2023,Administration,UPI,Invoice,2023,2,February,1,Q1,Mid (₹10K–50K)
V005,Tech Mahindra,Logistics,83130.99,17-05-2023,Legal,Unknown,Invoice,2023,5,May,2,Q2,Strategic (₹50K–2L)
V003,Wipro Technologies,Telecom,16396.96,19-02-2023,HR,Bank Transfer,Invoice,2023,2,February,1,Q1,Mid (₹10K–50K)
V016,Reliance Jio,Unknown,88094.02,18-09-2023,Finance,Bank Transfer,Invoice,2023,9,September,3,Q3,Strategic (₹50K–2L)
V015,IBM India,Legal & Compliance,139175.35,20-08-2023,HR,RTGS,Invoice,2023,8,August,3,Q3,Strategic (₹50K–2L)
V004,HCL Technologies,Logistics,27420.21,24-08-2023,Finance,UPI,Invoice,2023,8,August,3,Q3,Mid (₹10K–50K)
V004,HCL Technologies,IT Services,67936.58,16-06-2023,Finance,Unknown,Invoice,2023,6,June,2,Q2,Strategic (₹50K–2L)
V011,Amazon Web Services,Facilities,100661.89,03-06-2023,R&D,UPI,Invoice,2023,6,June,2,Q2,Strategic (₹50K–2L)
V018,BSNL,Marketing,7377.4,22-04-2023,Marketing,Bank Transfer,Invoice,2023,4,April,2,Q2,Tail (<₹10K)
V014,SAP India,HR & Payroll,16615.31,27-01-2023,Marketing,Credit Card,Invoice,2023,1,January,1,Q1,Mid (₹10K–50K)
V006,L&T Infotech,Cloud Infrastructure,43672.34,21-03-2023,Finance,NEFT,Invoice,2023,3,March,1,Q1,Mid (₹10K–50K)
V020,Blue Dart Express,Facilities,149541.34,19-01-2023,Sales,Unknown,Invoice,2023,1,January,1,Q1,Strategic (₹50K–2L)
V014,SAP India,HR & Payroll,121083.96,04-08-2023,HR,Credit Card,Invoice,2023,8,August,3,Q3,Strategic (₹50K–2L)
V002,Infosys Ltd,Logistics,73440.33,16-02-2023,Finance,NEFT,Invoice,2023,2,February,1,Q1,Strategic (₹50K–2L)
V019,DHL India,Legal & Compliance,45992.49,26-01-2023,Finance,UPI,Invoice,2023,1,January,1,Q1,Mid (₹10K–50K)
V009,Cognizant India,Telecom,33276.45,16-02-2023,Operations,Unknown,Invoice,2023,2,February,1,Q1,Mid (₹10K–50K)
V019,DHL India,Cloud Infrastructure,14024.38,24-12-2023,Marketing,Cheque,Invoice,2023,12,December,4,Q4,Mid (₹10K–50K)
V003,Wipro Technologies,Legal & Compliance,5243.48,02-12-2023,Marketing,Credit Card,Invoice,2023,12,December,4,Q4,Tail (<₹10K)
V010,Capgemini India,Facilities,7446.15,21-11-2023,Operations,Credit Card,Invoice,2023,11,November,4,Q4,Tail (<₹10K)
V011,Amazon Web Services,Marketing,35496.19,09-01-2023,IT,RTGS,Invoice,2023,1,January,1,Q1,Mid (₹10K–50K)
V004,HCL Technologies,Unknown,38472.61,27-04-2023,R&D,UPI,Invoice,2023,4,April,2,Q2,Mid (₹10K–50K)
V009,Cognizant India,Telecom,4400.67,17-06-2023,Administration,UPI,Invoice,2023,6,June,2,Q2,Tail (<₹10K)
V008,Hexaware Technologies,Legal & Compliance,13539.08,03-11-2023,R&D,Unknown,Invoice,2023,11,November,4,Q4,Mid (₹10K–50K)
V008,Hexaware Technologies,IT Services,33973.73,03-03-2023,Legal,Unknown,Invoice,2023,3,March,1,Q1,Mid (₹10K–50K)
V004,HCL Technologies,Facilities,335284.2,28-01-2023,Administration,Credit Card,Invoice,2023,1,January,1,Q1,Critical (>₹2L)
V007,Mphasis,Logistics,17856.35,25-02-2023,IT,UPI,Invoice,2023,2,February,1,Q1,Mid (₹10K–50K)
V019,DHL India,Cloud Infrastructure,6271.57,17-12-2023,Marketing,UPI,Credit Note,2023,12,December,4,Q4,Tail (<₹10K)
V020,Blue Dart Express,Cloud Infrastructure,67327.67,30-06-2023,Legal,Unknown,Invoice,2023,6,June,2,Q2,Strategic (₹50K–2L)
V011,Amazon Web Services,HR & Payroll,17903.69,21-09-2023,R&D,NEFT,Invoice,2023,9,September,3,Q3,Mid (₹10K–50K)
V010,Capgemini India,Facilities,7448.14,13-03-2023,Administration,Credit Card,Invoice,2023,3,March,1,Q1,Tail (<₹10K)
V011,Amazon Web Services,Marketing,48650.85,03-06-2023,Procurement,RTGS,Invoice,2023,6,June,2,Q2,Mid (₹10K–50K)
V002,Infosys Ltd,Cloud Infrastructure,36544.74,02-03-2023,Administration,Unknown,Invoice,2023,3,March,1,Q1,Mid (₹10K–50K)
V020,Blue Dart Express,Logistics,20311.02,22-02-2023,Legal,Bank Transfer,Credit Note,2023,2,February,1,Q1,Mid (₹10K–50K)
V008,Hexaware Technologies,Telecom,47976.18,15-10-2023,Finance,Cheque,Invoice,2023,10,October,4,Q4,Mid (₹10K–50K)
V003,Wipro Technologies,Facilities,29062.65,19-06-2023,Sales,Bank Transfer,Invoice,2023,6,June,2,Q2,Mid (₹10K–50K)
V018,BSNL,HR & Payroll,14652.69,07-01-2023,Operations,Bank Transfer,Invoice,2023,1,January,1,Q1,Mid (₹10K–50K)
V012,Microsoft India,Legal & Compliance,15534.16,11-08-2023,R&D,RTGS,Invoice,2023,8,August,3,Q3,Mid (₹10K–50K)
V015,IBM India,Legal & Compliance,40314.1,10-11-2023,Administration,Unknown,Invoice,2023,11,November,4,Q4,Mid (₹10K–50K)
V014,sap india,Telecom,45172.31,19-12-2023,HR,Cheque,Invoice,2023,12,December,4,Q4,Mid (₹10K–50K)
V005,Tech Mahindra,Cloud Infrastructure,77601.21,28-02-2023,Marketing,Unknown,Invoice,2023,2,February,1,Q1,Strategic (₹50K–2L)
V013,Oracle India,Logistics,56047.97,08-10-2023,Procurement,Unknown,Invoice,2023,10,October,4,Q4,Strategic (₹50K–2L)
V007,Mphasis,Facilities,66012.4,03-06-2023,Operations,NEFT,Invoice,2023,6,June,2,Q2,Strategic (₹50K–2L)
V001,Tata Consultancy Services,HR & Payroll,23817.69,23-03-2023,R&D,Cheque,Invoice,2023,3,March,1,Q1,Mid (₹10K–50K)
V003,Wipro Technologies,Cloud Infrastructure,143112.65,02-01-2023,IT,Cheque,Invoice,2023,1,January,1,Q1,Strategic (₹50K–2L)
V014,SAP India,Legal & Compliance,27419.67,17-02-2023,Operations,Cheque,Invoice,2023,2,February,1,Q1,Mid (₹10K–50K)
V012,Microsoft India,Unknown,103443.9,05-12-2023,R&D,Cheque,Invoice,2023,12,December,4,Q4,Strategic (₹50K–2L)
V015,IBM India,HR & Payroll,31147.8,27-12-2023,Marketing,Credit Card,Invoice,2023,12,December,4,Q4,Mid (₹10K–50K)
V013,Oracle India,Logistics,14460.6,09-09-2023,Administration,NEFT,Invoice,2023,9,September,3,Q3,Mid (₹10K–50K)
V015,IBM India,IT Services,469601.64,21-07-2023,Operations,UPI,Invoice,2023,7,July,3,Q3,Critical (>₹2L)
V014,sap india,Logistics,6669.07,02-04-2023,Sales,UPI,Invoice,2023,4,April,2,Q2,Tail (<₹10K)
V008,Hexaware Technologies,Legal & Compliance,27856.91,09-02-2023,Marketing,UPI,Invoice,2023,2,February,1,Q1,Mid (₹10K–50K)
V002,Infosys Ltd,Cloud Infrastructure,13457.92,04-01-2023,Finance,Cheque,Invoice,2023,1,January,1,Q1,Mid (₹10K–50K)
V002,Infosys Ltd,Marketing,8933.7,16-05-2023,HR,Credit Card,Invoice,2023,5,May,2,Q2,Tail (<₹10K)
V007,Mphasis,Telecom,14362.68,24-01-2023,Marketing,Bank Transfer,Invoice,2023,1,January,1,Q1,Mid (₹10K–50K)
V009,Cognizant India,Unknown,40542.78,06-09-2023,Sales,Credit Card,Invoice,2023,9,September,3,Q3,Mid (₹10K–50K)
V005,Tech Mahindra,Unknown,50239.07,27-03-2023,Legal,Credit Card,Invoice,2023,3,March,1,Q1,Strategic (₹50K–2L)
V006,l&t infotech,Legal & Compliance,25057.92,09-12-2023,Procurement,Unknown,Invoice,2023,12,December,4,Q4,Mid (₹10K–50K)
V019,DHL India,IT Services,76941.51,04-06-2023,Sales,Cheque,Invoice,2023,6,June,2,Q2,Strategic (₹50K–2L)
V019,DHL India,Telecom,22254.72,14-09-2023,HR,Bank Transfer,Invoice,2023,9,September,3,Q3,Mid (₹10K–50K)
V008,hexaware technologies,Cloud Infrastructure,36544.74,03-12-2023,Procurement,UPI,Invoice,2023,12,December,4,Q4,Mid (₹10K–50K)
V002,Infosys Ltd,Marketing,89470.53,23-12-2023,Procurement,UPI,Invoice,2023,12,December,4,Q4,Strategic (₹50K–2L)
V009,Cognizant India,Logistics,5151.02,01-02-2023,R&D,NEFT,Invoice,2023,2,February,1,Q1,Tail (<₹10K)
V020,Blue Dart Express,Logistics,64107.13,08-01-2023,Sales,UPI,Invoice,2023,1,January,1,Q1,Strategic (₹50K–2L)
V019,DHL India,Telecom,76798.76,21-08-2023,Finance,NEFT,Invoice,2023,8,August,3,Q3,Strategic (₹50K–2L)
V009,Cognizant India,HR & Payroll,66244.03,24-03-2023,Procurement,Credit Card,Invoice,2023,3,March,1,Q1,Strategic (₹50K–2L)
V006,l&t infotech,Logistics,30127.31,06-06-2023,R&D,Credit Card,Invoice,2023,6,June,2,Q2,Mid (₹10K–50K)
V017,Airtel Business,Logistics,93386.45,01-06-2023,Administration,Credit Card,Invoice,2023,6,June,2,Q2,Strategic (₹50K–2L)
V004,HCL Technologies,Facilities,26934.32,31-10-2023,Operations,UPI,Invoice,2023,10,October,4,Q4,Mid (₹10K–50K)
V010,Capgemini India,Cloud Infrastructure,135744.84,29-04-2023,R&D,UPI,Invoice,2023,4,April,2,Q2,Strategic (₹50K–2L)
V018,BSNL,Marketing,46953.47,15-10-2023,Procurement,Unknown,Invoice,2023,10,October,4,Q4,Mid (₹10K–50K)
V004,HCL Technologies,HR & Payroll,54513.07,22-12-2023,HR,Credit Card,Invoice,2023,12,December,4,Q4,Strategic (₹50K–2L)
V001,Tata Consultancy Services,Logistics,58299.14,27-07-2023,Procurement,Cheque,Invoice,2023,7,July,3,Q3,Strategic (₹50K–2L)
V013,Oracle India,HR & Payroll,36544.74,22-05-2023,HR,Credit Card,Invoice,2023,5,May,2,Q2,Mid (₹10K–50K)
V005,Tech Mahindra,Cloud Infrastructure,38440.94,16-10-2023,Operations,Unknown,Invoice,2023,10,October,4,Q4,Mid (₹10K–50K)
V018,BSNL,Unknown,11183.44,25-11-2023,Sales,NEFT,Invoice,2023,11,November,4,Q4,Mid (₹10K–50K)
V004,HCL Technologies,Logistics,34918.3,15-07-2023,IT,Unknown,Invoice,2023,7,July,3,Q3,Mid (₹10K–50K)
V015,IBM India,Facilities,30440.56,07-05-2023,HR,Cheque,Invoice,2023,5,May,2,Q2,Mid (₹10K–50K)
V014,SAP India,Telecom,36544.74,18-08-2023,Administration,Unknown,Invoice,2023,8,August,3,Q3,Mid (₹10K–50K)
V003,Wipro Technologies,Cloud Infrastructure,6707.92,08-04-2023,Sales,Bank Transfer,Invoice,2023,4,April,2,Q2,Tail (<₹10K)
V019,DHL India,Cloud Infrastructure,5896.91,01-07-2023,Procurement,Unknown,Invoice,2023,7,July,3,Q3,Tail (<₹10K)
V016,Reliance Jio,Unknown,8291.31,14-06-2023,Administration,Unknown,Invoice,2023,6,June,2,Q2,Tail (<₹10K)
V010,Capgemini India,Legal & Compliance,64125.64,22-11-2023,HR,NEFT,Invoice,2023,11,November,4,Q4,Strategic (₹50K–2L)
V004,HCL Technologies,Facilities,10770.89,02-02-2023,R&D,Cheque,Invoice,2023,2,February,1,Q1,Mid (₹10K–50K)
V011,Amazon Web Services,Marketing,2557.12,26-07-2023,IT,Bank Transfer,Invoice,2023,7,July,3,Q3,Tail (<₹10K)
V020,Blue Dart Express,IT Services,24694.53,16-04-2023,HR,Bank Transfer,Invoice,2023,4,April,2,Q2,Mid (₹10K–50K)
V009,Cognizant India,Cloud Infrastructure,187654.52,30-07-2023,IT,Bank Transfer,Invoice,2023,7,July,3,Q3,Strategic (₹50K–2L)
V014,SAP India,HR & Payroll,39692.35,23-03-2023,Marketing,Unknown,Invoice,2023,3,March,1,Q1,Mid (₹10K–50K)
V007,Mphasis,HR & Payroll,12194.44,14-03-2023,Marketing,Bank Transfer,Invoice,2023,3,March,1,Q1,Mid (₹10K–50K)
V018,BSNL,Legal & Compliance,12919.06,19-05-2023,Procurement,NEFT,Invoice,2023,5,May,2,Q2,Mid (₹10K–50K)
V011,Amazon Web Services,Logistics,24070.51,24-05-2023,Legal,UPI,Invoice,2023,5,May,2,Q2,Mid (₹10K–50K)
V005,Tech Mahindra,Telecom,16118.03,28-12-2023,Sales,Cheque,Invoice,2023,12,December,4,Q4,Mid (₹10K–50K)
V016,Reliance Jio,IT Services,204819.08,23-03-2023,Sales,Bank Transfer,Invoice,2023,3,March,1,Q1,Critical (>₹2L)
V013,ORACLE INDIA,Marketing,271502,08-01-2023,Legal,RTGS,Invoice,2023,1,January,1,Q1,Critical (>₹2L)
V016,Reliance Jio,HR & Payroll,64522.92,09-03-2023,Operations,Credit Card,Invoice,2023,3,March,1,Q1,Strategic (₹50K–2L)
V016,reliance jio,Cloud Infrastructure,8230.97,20-11-2023,HR,Credit Card,Invoice,2023,11,November,4,Q4,Tail (<₹10K)
V003,Wipro Technologies,HR & Payroll,30611.92,16-06-2023,Legal,NEFT,Invoice,2023,6,June,2,Q2,Mid (₹10K–50K)
V007,Mphasis,Cloud Infrastructure,72021.39,01-03-2023,Administration,RTGS,Invoice,2023,3,March,1,Q1,Strategic (₹50K–2L)
V006,L&T Infotech,HR & Payroll,3847,21-11-2023,Legal,Bank Transfer,Invoice,2023,11,November,4,Q4,Tail (<₹10K)
V004,HCL Technologies,Telecom,40928.49,06-12-2023,Marketing,Cheque,Invoice,2023,12,December,4,Q4,Mid (₹10K–50K)
V006,L&T Infotech,Legal & Compliance,6779.91,12-01-2023,Finance,NEFT,Invoice,2023,1,January,1,Q1,Tail (<₹10K)
V010,Capgemini India,Telecom,168248.59,03-09-2023,Marketing,NEFT,Invoice,2023,9,September,3,Q3,Strategic (₹50K–2L)
V018,BSNL,Cloud Infrastructure,75660.5,07-10-2023,IT,Bank Transfer,Invoice,2023,10,October,4,Q4,Strategic (₹50K–2L)
V005,Tech Mahindra,Cloud Infrastructure,3038.35,16-10-2023,Sales,Bank Transfer,Invoice,2023,10,October,4,Q4,Tail (<₹10K)
V008,Hexaware Technologies,HR & Payroll,3631.77,24-01-2023,Marketing,Bank Transfer,Invoice,2023,1,January,1,Q1,Tail (<₹10K)
V003,wipro technologies,Telecom,4702.93,09-03-2023,Operations,UPI,Invoice,2023,3,March,1,Q1,Tail (<₹10K)
V012,Microsoft India,Telecom,53490.66,05-10-2023,IT,Credit Card,Invoice,2023,10,October,4,Q4,Strategic (₹50K–2L)
V018,BSNL,Facilities,10904.87,20-03-2023,Marketing,NEFT,Invoice,2023,3,March,1,Q1,Mid (₹10K–50K)
V014,SAP India,Marketing,2839.33,24-09-2023,R&D,NEFT,Invoice,2023,9,September,3,Q3,Tail (<₹10K)
V017,Airtel Business,HR & Payroll,58809.23,19-02-2023,Operations,UPI,Invoice,2023,2,February,1,Q1,Strategic (₹50K–2L)
V012,Microsoft India,Facilities,4648.22,09-08-2023,Legal,Bank Transfer,Invoice,2023,8,August,3,Q3,Tail (<₹10K)
V005,Tech Mahindra,Cloud Infrastructure,9418.48,11-07-2023,IT,Credit Card,Invoice,2023,7,July,3,Q3,Tail (<₹10K)
V005,tech mahindra,Legal & Compliance,5276.51,14-08-2023,Operations,Bank Transfer,Invoice,2023,8,August,3,Q3,Tail (<₹10K)
V006,L&T Infotech,Legal & Compliance,17838.73,07-12-2023,HR,UPI,Invoice,2023,12,December,4,Q4,Mid (₹10K–50K)
V018,BSNL,Unknown,21161.13,06-04-2023,IT,Credit Card,Invoice,2023,4,April,2,Q2,Mid (₹10K–50K)
V012,Microsoft India,Legal & Compliance,45421.7,15-01-2023,HR,RTGS,Invoice,2023,1,January,1,Q1,Mid (₹10K–50K)
V015,IBM India,IT Services,18463.12,15-09-2023,IT,RTGS,Invoice,2023,9,September,3,Q3,Mid (₹10K–50K)
V008,Hexaware Technologies,Cloud Infrastructure,54041.96,20-01-2023,Procurement,Unknown,Invoice,2023,1,January,1,Q1,Strategic (₹50K–2L)
V019,DHL India,Logistics,38356.77,15-09-2023,Procurement,UPI,Credit Note,2023,9,September,3,Q3,Mid (₹10K–50K)
V016,Reliance Jio,HR & Payroll,40912.82,11-08-2023,R&D,NEFT,Invoice,2023,8,August,3,Q3,Mid (₹10K–50K)
V016,Reliance Jio,Facilities,128612.91,27-12-2023,Sales,NEFT,Invoice,2023,12,December,4,Q4,Strategic (₹50K–2L)
V008,Hexaware Technologies,Marketing,43498.1,24-02-2023,Administration,NEFT,Invoice,2023,2,February,1,Q1,Mid (₹10K–50K)
V002,Infosys Ltd,HR & Payroll,97782.37,23-07-2023,Finance,Unknown,Invoice,2023,7,July,3,Q3,Strategic (₹50K–2L)
V001,Tata Consultancy Services,IT Services,79001.83,12-04-2023,Sales,Credit Card,Invoice,2023,4,April,2,Q2,Strategic (₹50K–2L)
V003,Wipro Technologies,Logistics,17201.65,15-12-2023,R&D,UPI,Invoice,2023,12,December,4,Q4,Mid (₹10K–50K)
V020,Blue Dart Express,Marketing,13397.99,23-02-2023,R&D,Cheque,Invoice,2023,2,February,1,Q1,Mid (₹10K–50K)
V017,Airtel Business,Unknown,20894.34,09-07-2023,HR,RTGS,Invoice,2023,7,July,3,Q3,Mid (₹10K–50K)
V011,Amazon Web Services,Cloud Infrastructure,134153.6,18-09-2023,Procurement,RTGS,Invoice,2023,9,September,3,Q3,Strategic (₹50K–2L)
V004,HCL TECHNOLOGIES,Logistics,12214.4,27-02-2023,Legal,RTGS,Invoice,2023,2,February,1,Q1,Mid (₹10K–50K)
V008,Hexaware Technologies,Telecom,27052.49,10-12-2023,Legal,Credit Card,Invoice,2023,12,December,4,Q4,Mid (₹10K–50K)
V015,IBM India,Logistics,85300.69,30-10-2023,R&D,Bank Transfer,Invoice,2023,10,October,4,Q4,Strategic (₹50K–2L)
V015,IBM India,Cloud Infrastructure,7590.38,05-03-2023,IT,UPI,Invoice,2023,3,March,1,Q1,Tail (<₹10K)
V014,SAP India,Marketing,57577,15-02-2023,Procurement,Credit Card,Invoice,2023,2,February,1,Q1,Strategic (₹50K–2L)
V004,HCL Technologies,Logistics,24509.24,24-10-2023,Operations,Bank Transfer,Invoice,2023,10,October,4,Q4,Mid (₹10K–50K)
V019,DHL India,Legal & Compliance,79353.63,19-03-2023,Legal,Cheque,Invoice,2023,3,March,1,Q1,Strategic (₹50K–2L)
V002,Infosys Ltd,Legal & Compliance,61857.17,14-12-2023,Sales,NEFT,Invoice,2023,12,December,4,Q4,Strategic (₹50K–2L)
V008,Hexaware Technologies,Marketing,48181.84,29-10-2023,Finance,UPI,Invoice,2023,10,October,4,Q4,Mid (₹10K–50K)
V012,Microsoft India,Facilities,349208.02,19-06-2023,Sales,RTGS,Invoice,2023,6,June,2,Q2,Critical (>₹2L)
V018,BSNL,Marketing,52148.82,14-07-2023,Sales,Cheque,Invoice,2023,7,July,3,Q3,Strategic (₹50K–2L)
V007,Mphasis,Facilities,113607.93,30-05-2023,Legal,Credit Card,Invoice,2023,5,May,2,Q2,Strategic (₹50K–2L)
V013,Oracle India,Logistics,14531.72,25-11-2023,Operations,UPI,Invoice,2023,11,November,4,Q4,Mid (₹10K–50K)
V017,Airtel Business,Telecom,77189.18,12-01-2023,Marketing,Cheque,Invoice,2023,1,January,1,Q1,Strategic (₹50K–2L)
V016,Reliance Jio,IT Services,46659.71,14-07-2023,IT,Bank Transfer,Invoice,2023,7,July,3,Q3,Mid (₹10K–50K)
V017,Airtel Business,Legal & Compliance,6952.08,23-07-2023,Operations,Unknown,Invoice,2023,7,July,3,Q3,Tail (<₹10K)
V001,Tata Consultancy Services,Facilities,8601.09,07-12-2023,IT,Credit Card,Invoice,2023,12,December,4,Q4,Tail (<₹10K)
V013,Oracle India,IT Services,3863.32,03-02-2023,Legal,RTGS,Invoice,2023,2,February,1,Q1,Tail (<₹10K)
V013,Oracle India,IT Services,20538.69,04-02-2023,Legal,RTGS,Invoice,2023,2,February,1,Q1,Mid (₹10K–50K)
V005,Tech Mahindra,HR & Payroll,502707.37,12-06-2023,Procurement,RTGS,Invoice,2023,6,June,2,Q2,Critical (>₹2L)
V012,Microsoft India,Marketing,14791.62,15-10-2023,Procurement,UPI,Invoice,2023,10,October,4,Q4,Mid (₹10K–50K)
V005,Tech Mahindra,Telecom,59040.45,31-05-2023,Finance,NEFT,Invoice,2023,5,May,2,Q2,Strategic (₹50K–2L)
V002,Infosys Ltd,Logistics,195507.33,05-03-2023,Administration,Cheque,Invoice,2023,3,March,1,Q1,Strategic (₹50K–2L)
V016,Reliance Jio,HR & Payroll,22891.78,26-07-2023,Marketing,NEFT,Invoice,2023,7,July,3,Q3,Mid (₹10K–50K)
V009,Cognizant India,Logistics,115387.51,15-07-2023,R&D,Unknown,Invoice,2023,7,July,3,Q3,Strategic (₹50K–2L)
V019,DHL India,IT Services,69705.34,02-01-2023,Legal,Cheque,Invoice,2023,1,January,1,Q1,Strategic (₹50K–2L)
V016,Reliance Jio,Telecom,101004.46,12-11-2023,Administration,Bank Transfer,Invoice,2023,11,November,4,Q4,Strategic (₹50K–2L)
V003,Wipro Technologies,HR & Payroll,66493.26,12-02-2023,Marketing,RTGS,Invoice,2023,2,February,1,Q1,Strategic (₹50K–2L)
V004,HCL Technologies,Legal & Compliance,481094.48,11-11-2023,R&D,UPI,Invoice,2023,11,November,4,Q4,Critical (>₹2L)
V001,Tata Consultancy Services,Facilities,15811.75,07-06-2023,R&D,Unknown,Invoice,2023,6,June,2,Q2,Mid (₹10K–50K)
V003,Wipro Technologies,Legal & Compliance,8491.16,24-09-2023,Marketing,Cheque,Invoice,2023,9,September,3,Q3,Tail (<₹10K)
V007,Mphasis,HR & Payroll,56031.8,26-05-2023,Operations,UPI,Invoice,2023,5,May,2,Q2,Strategic (₹50K–2L)
V010,Capgemini India,Legal & Compliance,101639.91,14-05-2023,Marketing,RTGS,Invoice,2023,5,May,2,Q2,Strategic (₹50K–2L)
V005,Tech Mahindra,IT Services,31735.98,02-12-2023,Sales,Cheque,Invoice,2023,12,December,4,Q4,Mid (₹10K–50K)
V014,SAP India,Telecom,36539.03,11-08-2023,IT,NEFT,Invoice,2023,8,August,3,Q3,Mid (₹10K–50K)
V016,Reliance Jio,Logistics,12268.87,22-07-2023,Operations,Unknown,Invoice,2023,7,July,3,Q3,Mid (₹10K–50K)
V019,DHL India,Telecom,17640.49,08-04-2023,Procurement,Bank Transfer,Invoice,2023,4,April,2,Q2,Mid (₹10K–50K)
V016,Reliance Jio,Facilities,18406.2,14-06-2023,Legal,Credit Card,Invoice,2023,6,June,2,Q2,Mid (₹10K–50K)
V004,HCL Technologies,Cloud Infrastructure,30763.46,05-08-2023,R&D,Bank Transfer,Invoice,2023,8,August,3,Q3,Mid (₹10K–50K)
V011,AMAZON WEB SERVICES,Marketing,57001.77,23-04-2023,R&D,Bank Transfer,Invoice,2023,4,April,2,Q2,Strategic (₹50K–2L)
V003,Wipro Technologies,Unknown,67233.1,25-04-2023,Legal,Credit Card,Invoice,2023,4,April,2,Q2,Strategic (₹50K–2L)
V019,DHL India,Marketing,70018.65,27-01-2023,HR,Bank Transfer,Invoice,2023,1,January,1,Q1,Strategic (₹50K–2L)
V014,SAP India,Facilities,237416.77,24-07-2023,Administration,NEFT,Invoice,2023,7,July,3,Q3,Critical (>₹2L)
V001,Tata Consultancy Services,Logistics,225877.68,30-08-2023,Finance,UPI,Invoice,2023,8,August,3,Q3,Critical (>₹2L)
V019,DHL INDIA,Marketing,41723.07,17-01-2023,Marketing,RTGS,Invoice,2023,1,January,1,Q1,Mid (₹10K–50K)
V009,Cognizant India,Cloud Infrastructure,16715.85,27-11-2023,HR,Cheque,Invoice,2023,11,November,4,Q4,Mid (₹10K–50K)
V001,Tata Consultancy Services,HR & Payroll,10187.78,19-10-2023,Procurement,Cheque,Invoice,2023,10,October,4,Q4,Mid (₹10K–50K)
V018,bsnl,Logistics,31872.15,27-05-2023,Sales,Bank Transfer,Invoice,2023,5,May,2,Q2,Mid (₹10K–50K)
V001,Tata Consultancy Services,Telecom,116119.37,16-10-2023,Operations,NEFT,Invoice,2023,10,October,4,Q4,Strategic (₹50K–2L)
V004,HCL Technologies,Telecom,13767.17,19-05-2023,Legal,Bank Transfer,Invoice,2023,5,May,2,Q2,Mid (₹10K–50K)
V007,Mphasis,Unknown,13956.85,04-07-2023,Finance,Credit Card,Invoice,2023,7,July,3,Q3,Mid (₹10K–50K)
V019,DHL India,Logistics,503101.27,21-01-2023,R&D,Unknown,Invoice,2023,1,January,1,Q1,Critical (>₹2L)
V018,BSNL,HR & Payroll,37242.45,28-08-2023,Sales,RTGS,Invoice,2023,8,August,3,Q3,Mid (₹10K–50K)
V011,Amazon Web Services,Legal & Compliance,48550.25,02-12-2023,HR,Cheque,Invoice,2023,12,December,4,Q4,Mid (₹10K–50K)
V007,Mphasis,Facilities,72583.04,15-12-2023,Operations,Bank Transfer,Invoice,2023,12,December,4,Q4,Strategic (₹50K–2L)
V005,Tech Mahindra,Facilities,13257.7,14-01-2023,Operations,Bank Transfer,Invoice,2023,1,January,1,Q1,Mid (₹10K–50K)
V009,Cognizant India,HR & Payroll,11408.25,16-03-2023,HR,Credit Card,Invoice,2023,3,March,1,Q1,Mid (₹10K–50K)
V004,HCL Technologies,HR & Payroll,16413.45,20-01-2023,IT,RTGS,Invoice,2023,1,January,1,Q1,Mid (₹10K–50K)
V002,Infosys Ltd,Logistics,28829.86,08-05-2023,Operations,Bank Transfer,Invoice,2023,5,May,2,Q2,Mid (₹10K–50K)
V005,Tech Mahindra,Telecom,6909.42,08-06-2023,Sales,NEFT,Invoice,2023,6,June,2,Q2,Tail (<₹10K)
V005,Tech Mahindra,Legal & Compliance,9918.36,22-01-2023,Operations,Cheque,Invoice,2023,1,January,1,Q1,Tail (<₹10K)
V017,airtel business,HR & Payroll,45322.58,02-12-2023,Procurement,NEFT,Invoice,2023,12,December,4,Q4,Mid (₹10K–50K)
V003,Wipro Technologies,Marketing,45252.37,12-02-2023,Operations,RTGS,Invoice,2023,2,February,1,Q1,Mid (₹10K–50K)
V018,BSNL,Facilities,4582.95,24-07-2023,R&D,RTGS,Invoice,2023,7,July,3,Q3,Tail (<₹10K)
V002,Infosys Ltd,Unknown,54197.74,30-10-2023,Procurement,Cheque,Invoice,2023,10,October,4,Q4,Strategic (₹50K–2L)
V012,Microsoft India,HR & Payroll,125141.38,07-06-2023,Finance,RTGS,Invoice,2023,6,June,2,Q2,Strategic (₹50K–2L)
V004,HCL Technologies,Cloud Infrastructure,67376.88,08-06-2023,Procurement,Credit Card,Invoice,2023,6,June,2,Q2,Strategic (₹50K–2L)
V014,SAP India,HR & Payroll,20635.21,31-08-2023,Sales,NEFT,Invoice,2023,8,August,3,Q3,Mid (₹10K–50K)
V002,Infosys Ltd,Telecom,39429.74,27-01-2023,Administration,NEFT,Invoice,2023,1,January,1,Q1,Mid (₹10K–50K)
V020,Blue Dart Express,Legal & Compliance,50616.3,06-03-2023,HR,Unknown,Invoice,2023,3,March,1,Q1,Strategic (₹50K–2L)
V008,Hexaware Technologies,IT Services,5283.08,14-05-2023,Marketing,Unknown,Invoice,2023,5,May,2,Q2,Tail (<₹10K)
V004,HCL Technologies,Telecom,101486.25,25-02-2023,HR,RTGS,Invoice,2023,2,February,1,Q1,Strategic (₹50K–2L)
V014,SAP India,Legal & Compliance,204746.51,19-08-2023,Operations,Cheque,Invoice,2023,8,August,3,Q3,Critical (>₹2L)
V010,Capgemini India,Telecom,6753.25,11-02-2023,Administration,UPI,Invoice,2023,2,February,1,Q1,Tail (<₹10K)
V001,Tata Consultancy Services,Telecom,96396.07,17-08-2023,IT,UPI,Invoice,2023,8,August,3,Q3,Strategic (₹50K–2L)
V002,Infosys Ltd,Logistics,22877.32,02-01-2023,Finance,RTGS,Invoice,2023,1,January,1,Q1,Mid (₹10K–50K)
V015,IBM India,HR & Payroll,583961.47,10-07-2023,Legal,RTGS,Invoice,2023,7,July,3,Q3,Critical (>₹2L)
V010,Capgemini India,HR & Payroll,39037.43,10-05-2023,Finance,Unknown,Invoice,2023,5,May,2,Q2,Mid (₹10K–50K)
V003,Wipro Technologies,Telecom,8124.67,16-12-2023,Operations,Unknown,Invoice,2023,12,December,4,Q4,Tail (<₹10K)
V002,Infosys Ltd,Logistics,146648.89,24-03-2023,IT,RTGS,Invoice,2023,3,March,1,Q1,Strategic (₹50K–2L)
V011,Amazon Web Services,Facilities,166091.38,20-12-2023,IT,Cheque,Invoice,2023,12,December,4,Q4,Strategic (₹50K–2L)
V016,Reliance Jio,Cloud Infrastructure,10045.99,08-11-2023,Legal,NEFT,Invoice,2023,11,November,4,Q4,Mid (₹10K–50K)
V001,Tata Consultancy Services,Marketing,58974.54,06-12-2023,Marketing,UPI,Invoice,2023,12,December,4,Q4,Strategic (₹50K–2L)
V002,Infosys Ltd,Legal & Compliance,13429.46,27-09-2023,Administration,Cheque,Invoice,2023,9,September,3,Q3,Mid (₹10K–50K)
V016,Reliance Jio,Marketing,102632.12,30-05-2023,IT,Cheque,Invoice,2023,5,May,2,Q2,Strategic (₹50K–2L)
V013,Oracle India,Facilities,11126.99,26-12-2023,Procurement,Cheque,Invoice,2023,12,December,4,Q4,Mid (₹10K–50K)
V003,WIPRO TECHNOLOGIES,Marketing,14030.31,08-10-2023,IT,Credit Card,Invoice,2023,10,October,4,Q4,Mid (₹10K–50K)
V012,Microsoft India,Telecom,15116.77,26-05-2023,R&D,Unknown,Invoice,2023,5,May,2,Q2,Mid (₹10K–50K)
V006,L&T Infotech,Logistics,47987.91,20-12-2023,Procurement,RTGS,Invoice,2023,12,December,4,Q4,Mid (₹10K–50K)
V012,Microsoft India,IT Services,145762.38,16-09-2023,Sales,NEFT,Invoice,2023,9,September,3,Q3,Strategic (₹50K–2L)
V012,Microsoft India,HR & Payroll,69334.09,07-05-2023,Operations,Credit Card,Invoice,2023,5,May,2,Q2,Strategic (₹50K–2L)
V005,Tech Mahindra,Legal & Compliance,85909.59,24-01-2023,Finance,Bank Transfer,Invoice,2023,1,January,1,Q1,Strategic (₹50K–2L)
V011,Amazon Web Services,Telecom,55738.06,03-06-2023,R&D,Cheque,Invoice,2023,6,June,2,Q2,Strategic (₹50K–2L)
V019,DHL India,HR & Payroll,49049.8,09-11-2023,Operations,Unknown,Invoice,2023,11,November,4,Q4,Mid (₹10K–50K)
V008,Hexaware Technologies,Telecom,19601.47,06-02-2023,R&D,UPI,Invoice,2023,2,February,1,Q1,Mid (₹10K–50K)
V013,Oracle India,Legal & Compliance,13564.09,22-07-2023,Operations,Bank Transfer,Invoice,2023,7,July,3,Q3,Mid (₹10K–50K)
V010,Capgemini India,Telecom,5359.83,01-09-2023,Legal,Bank Transfer,Invoice,2023,9,September,3,Q3,Tail (<₹10K)
V019,DHL India,Logistics,67375.88,27-07-2023,Operations,Bank Transfer,Invoice,2023,7,July,3,Q3,Strategic (₹50K–2L)
V003,Wipro Technologies,Legal & Compliance,13145.67,12-10-2023,IT,Bank Transfer,Invoice,2023,10,October,4,Q4,Mid (₹10K–50K)
V007,Mphasis,Logistics,26283.9,08-10-2023,Legal,UPI,Invoice,2023,10,October,4,Q4,Mid (₹10K–50K)
V020,Blue Dart Express,Telecom,10859.32,07-12-2023,Sales,Unknown,Invoice,2023,12,December,4,Q4,Mid (₹10K–50K)
V003,Wipro Technologies,Facilities,92798.66,17-11-2023,Legal,Credit Card,Invoice,2023,11,November,4,Q4,Strategic (₹50K–2L)
V008,Hexaware Technologies,Legal & Compliance,261440.3,13-02-2023,Administration,UPI,Invoice,2023,2,February,1,Q1,Critical (>₹2L)
V001,Tata Consultancy Services,Marketing,39227.61,06-09-2023,Legal,NEFT,Invoice,2023,9,September,3,Q3,Mid (₹10K–50K)
V010,Capgemini India,Cloud Infrastructure,14365.86,01-11-2023,R&D,UPI,Invoice,2023,11,November,4,Q4,Mid (₹10K–50K)
V009,COGNIZANT INDIA,Logistics,44703.95,23-06-2023,Marketing,RTGS,Invoice,2023,6,June,2,Q2,Mid (₹10K–50K)
V007,Mphasis,Logistics,133207.25,03-03-2023,Legal,Bank Transfer,Invoice,2023,3,March,1,Q1,Strategic (₹50K–2L)
V002,Infosys Ltd,Marketing,96320.32,14-08-2023,Finance,RTGS,Invoice,2023,8,August,3,Q3,Strategic (₹50K–2L)
V008,Hexaware Technologies,Logistics,24557.48,19-06-2023,Procurement,RTGS,Invoice,2023,6,June,2,Q2,Mid (₹10K–50K)
V011,Amazon Web Services,Legal & Compliance,52759.56,20-08-2023,Legal,RTGS,Invoice,2023,8,August,3,Q3,Strategic (₹50K–2L)
V009,Cognizant India,Logistics,8626.09,16-01-2023,Operations,RTGS,Invoice,2023,1,January,1,Q1,Tail (<₹10K)
V015,IBM INDIA,HR & Payroll,220318.27,22-08-2023,Administration,Bank Transfer,Invoice,2023,8,August,3,Q3,Critical (>₹2L)
V016,Reliance Jio,Legal & Compliance,18173.42,24-05-2023,Procurement,Unknown,Invoice,2023,5,May,2,Q2,Mid (₹10K–50K)
V006,L&T Infotech,Logistics,12877.17,01-04-2023,IT,Credit Card,Invoice,2023,4,April,2,Q2,Mid (₹10K–50K)
V019,DHL India,Marketing,97989.92,21-04-2023,R&D,Unknown,Invoice,2023,4,April,2,Q2,Strategic (₹50K–2L)
V014,SAP India,Telecom,10832.39,11-06-2023,IT,Unknown,Invoice,2023,6,June,2,Q2,Mid (₹10K–50K)
V010,Capgemini India,Facilities,22685.25,12-04-2023,Procurement,Bank Transfer,Invoice,2023,4,April,2,Q2,Mid (₹10K–50K)
V020,Blue Dart Express,HR & Payroll,82085.55,23-01-2023,Administration,Cheque,Invoice,2023,1,January,1,Q1,Strategic (₹50K–2L)
V001,Tata Consultancy Services,Cloud Infrastructure,8778.75,22-11-2023,Administration,Credit Card,Invoice,2023,11,November,4,Q4,Tail (<₹10K)
V012,Microsoft India,Legal & Compliance,41615.2,15-10-2023,Sales,Bank Transfer,Invoice,2023,10,October,4,Q4,Mid (₹10K–50K)
V006,L&T Infotech,HR & Payroll,38421.66,23-03-2023,Sales,RTGS,Invoice,2023,3,March,1,Q1,Mid (₹10K–50K)
V013,Oracle India,Unknown,4163.63,17-08-2023,IT,Bank Transfer,Invoice,2023,8,August,3,Q3,Tail (<₹10K)
V004,HCL Technologies,Legal & Compliance,28289.71,13-10-2023,Legal,RTGS,Invoice,2023,10,October,4,Q4,Mid (₹10K–50K)
V008,Hexaware Technologies,Cloud Infrastructure,47520.24,17-02-2023,Finance,Cheque,Invoice,2023,2,February,1,Q1,Mid (₹10K–50K)
V008,Hexaware Technologies,Logistics,9963.72,17-09-2023,Operations,Unknown,Invoice,2023,9,September,3,Q3,Tail (<₹10K)
V018,BSNL,Telecom,65532.6,13-08-2023,HR,Unknown,Invoice,2023,8,August,3,Q3,Strategic (₹50K–2L)
V015,IBM India,Facilities,51621.16,24-02-2023,Administration,NEFT,Credit Note,2023,2,February,1,Q1,Strategic (₹50K–2L)
V018,bsnl,Marketing,109254.39,02-07-2023,Marketing,Unknown,Invoice,2023,7,July,3,Q3,Strategic (₹50K–2L)
V019,DHL India,Legal & Compliance,63229.37,22-01-2023,R&D,Unknown,Invoice,2023,1,January,1,Q1,Strategic (₹50K–2L)
V020,Blue Dart Express,HR & Payroll,8694.41,18-11-2023,Operations,Credit Card,Invoice,2023,11,November,4,Q4,Tail (<₹10K)
V017,Airtel Business,HR & Payroll,6483.17,10-08-2023,IT,UPI,Invoice,2023,8,August,3,Q3,Tail (<₹10K)
V013,Oracle India,Telecom,6159.64,07-02-2023,Legal,Bank Transfer,Invoice,2023,2,February,1,Q1,Tail (<₹10K)
V016,Reliance Jio,Telecom,697941.48,23-10-2023,Operations,Credit Card,Invoice,2023,10,October,4,Q4,Critical (>₹2L)
V018,BSNL,Facilities,214471.68,03-08-2023,IT,NEFT,Invoice,2023,8,August,3,Q3,Critical (>₹2L)
V005,Tech Mahindra,Marketing,141871.75,05-11-2023,IT,NEFT,Invoice,2023,11,November,4,Q4,Strategic (₹50K–2L)
V018,BSNL,Marketing,49466.97,05-09-2023,HR,RTGS,Invoice,2023,9,September,3,Q3,Mid (₹10K–50K)
V008,Hexaware Technologies,Unknown,40798.28,26-10-2023,Marketing,Credit Card,Invoice,2023,10,October,4,Q4,Mid (₹10K–50K)
V018,BSNL,HR & Payroll,14698.73,02-12-2023,Procurement,Bank Transfer,Invoice,2023,12,December,4,Q4,Mid (₹10K–50K)
V008,Hexaware Technologies,Logistics,3343.98,20-05-2023,HR,RTGS,Invoice,2023,5,May,2,Q2,Tail (<₹10K)
V011,Amazon Web Services,Unknown,53578.37,08-09-2023,Sales,RTGS,Invoice,2023,9,September,3,Q3,Strategic (₹50K–2L)
V014,SAP India,Marketing,13763.94,23-04-2023,Administration,RTGS,Invoice,2023,4,April,2,Q2,Mid (₹10K–50K)
V008,Hexaware Technologies,Telecom,20673.97,25-03-2023,Legal,RTGS,Invoice,2023,3,March,1,Q1,Mid (₹10K–50K)
V017,Airtel Business,Telecom,27405.4,12-08-2023,Administration,Unknown,Invoice,2023,8,August,3,Q3,Mid (₹10K–50K)
V019,DHL India,Logistics,33211.95,10-04-2023,Operations,RTGS,Invoice,2023,4,April,2,Q2,Mid (₹10K–50K)
V008,Hexaware Technologies,Marketing,14187.21,18-09-2023,R&D,Credit Card,Invoice,2023,9,September,3,Q3,Mid (₹10K–50K)
V009,Cognizant India,Cloud Infrastructure,35785.71,05-08-2023,Finance,RTGS,Invoice,2023,8,August,3,Q3,Mid (₹10K–50K)
V004,HCL Technologies,Logistics,82744.45,18-03-2023,R&D,RTGS,Invoice,2023,3,March,1,Q1,Strategic (₹50K–2L)
V003,Wipro Technologies,Cloud Infrastructure,17663.11,19-06-2023,Finance,Bank Transfer,Invoice,2023,6,June,2,Q2,Mid (₹10K–50K)
V004,HCL Technologies,Legal & Compliance,73569.12,07-07-2023,Procurement,Bank Transfer,Credit Note,2023,7,July,3,Q3,Strategic (₹50K–2L)
V004,HCL Technologies,Logistics,9361.42,14-06-2023,Administration,RTGS,Invoice,2023,6,June,2,Q2,Tail (<₹10K)
V002,Infosys Ltd,Marketing,111027.83,01-07-2023,Operations,Unknown,Invoice,2023,7,July,3,Q3,Strategic (₹50K–2L)
V009,COGNIZANT INDIA,IT Services,340758.54,12-09-2023,R&D,Unknown,Invoice,2023,9,September,3,Q3,Critical (>₹2L)
V020,Blue Dart Express,Telecom,22153.43,22-06-2023,Operations,RTGS,Invoice,2023,6,June,2,Q2,Mid (₹10K–50K)
V013,Oracle India,HR & Payroll,3147.14,13-04-2023,IT,RTGS,Invoice,2023,4,April,2,Q2,Tail (<₹10K)
V014,SAP India,Telecom,27967.06,30-11-2023,Administration,NEFT,Invoice,2023,11,November,4,Q4,Mid (₹10K–50K)
V001,Tata Consultancy Services,Cloud Infrastructure,54849.15,16-05-2023,IT,Bank Transfer,Invoice,2023,5,May,2,Q2,Strategic (₹50K–2L)
V019,dhl india,Legal & Compliance,19498.17,19-07-2023,Marketing,Unknown,Invoice,2023,7,July,3,Q3,Mid (₹10K–50K)
V002,Infosys Ltd,Facilities,49596.08,18-12-2023,Sales,Unknown,Invoice,2023,12,December,4,Q4,Mid (₹10K–50K)
V018,BSNL,Logistics,10206.16,08-05-2023,Administration,Unknown,Invoice,2023,5,May,2,Q2,Mid (₹10K–50K)
V006,L&T INFOTECH,Unknown,36544.74,08-08-2023,HR,Credit Card,Invoice,2023,8,August,3,Q3,Mid (₹10K–50K)
V001,Tata Consultancy Services,Marketing,8391.61,28-07-2023,IT,Cheque,Invoice,2023,7,July,3,Q3,Tail (<₹10K)
V003,Wipro Technologies,Cloud Infrastructure,12373.28,17-01-2023,Administration,RTGS,Invoice,2023,1,January,1,Q1,Mid (₹10K–50K)
V014,SAP India,Facilities,8643.41,19-09-2023,R&D,Bank Transfer,Invoice,2023,9,September,3,Q3,Tail (<₹10K)
V006,L&T Infotech,HR & Payroll,168251,27-03-2023,Sales,Cheque,Invoice,2023,3,March,1,Q1,Strategic (₹50K–2L)
V006,L&T Infotech,Telecom,36544.74,04-07-2023,Operations,RTGS,Invoice,2023,7,July,3,Q3,Mid (₹10K–50K)
V002,Infosys Ltd,Marketing,21912.63,24-04-2023,Legal,Credit Card,Invoice,2023,4,April,2,Q2,Mid (₹10K–50K)
V014,SAP India,HR & Payroll,187259.22,17-02-2023,Marketing,Bank Transfer,Invoice,2023,2,February,1,Q1,Strategic (₹50K–2L)
V004,HCL Technologies,Logistics,13604.22,24-11-2023,Operations,RTGS,Invoice,2023,11,November,4,Q4,Mid (₹10K–50K)
V019,DHL India,Facilities,207186.02,19-06-2023,Sales,Cheque,Invoice,2023,6,June,2,Q2,Critical (>₹2L)
V003,WIPRO TECHNOLOGIES,Marketing,114253.02,31-01-2023,Finance,Unknown,Invoice,2023,1,January,1,Q1,Strategic (₹50K–2L)
V013,Oracle India,Cloud Infrastructure,5894.47,29-09-2023,HR,NEFT,Invoice,2023,9,September,3,Q3,Tail (<₹10K)
V016,Reliance Jio,Cloud Infrastructure,475790.5,05-03-2023,Sales,RTGS,Invoice,2023,3,March,1,Q1,Critical (>₹2L)
V005,Tech Mahindra,HR & Payroll,5762.13,16-07-2023,R&D,Cheque,Invoice,2023,7,July,3,Q3,Tail (<₹10K)
V016,Reliance Jio,Marketing,26106.46,04-01-2023,IT,Cheque,Invoice,2023,1,January,1,Q1,Mid (₹10K–50K)
V002,Infosys Ltd,Facilities,19765,13-06-2023,Sales,Credit Card,Invoice,2023,6,June,2,Q2,Mid (₹10K–50K)
V015,IBM India,Cloud Infrastructure,15308.86,03-10-2023,Operations,NEFT,Invoice,2023,10,October,4,Q4,Mid (₹10K–50K)
V004,HCL Technologies,Cloud Infrastructure,15682.95,18-09-2023,HR,Bank Transfer,Invoice,2023,9,September,3,Q3,Mid (₹10K–50K)
V018,BSNL,Legal & Compliance,78782.89,29-05-2023,Marketing,UPI,Invoice,2023,5,May,2,Q2,Strategic (₹50K–2L)
V017,Airtel Business,Legal & Compliance,54454.63,28-11-2023,Sales,UPI,Invoice,2023,11,November,4,Q4,Strategic (₹50K–2L)
V008,Hexaware Technologies,Logistics,75542.02,20-12-2023,HR,Credit Card,Invoice,2023,12,December,4,Q4,Strategic (₹50K–2L)
V011,Amazon Web Services,Logistics,20229,18-03-2023,HR,UPI,Invoice,2023,3,March,1,Q1,Mid (₹10K–50K)
V018,BSNL,IT Services,207781.2,08-01-2023,IT,RTGS,Invoice,2023,1,January,1,Q1,Critical (>₹2L)
V011,Amazon Web Services,HR & Payroll,40064.62,07-05-2023,Finance,Credit Card,Invoice,2023,5,May,2,Q2,Mid (₹10K–50K)
V012,Microsoft India,Logistics,56691.24,26-05-2023,Operations,Bank Transfer,Invoice,2023,5,May,2,Q2,Strategic (₹50K–2L)
V001,Tata Consultancy Services,Marketing,106886.18,26-10-2023,Finance,Cheque,Invoice,2023,10,October,4,Q4,Strategic (₹50K–2L)
V006,L&T Infotech,IT Services,27696.7,15-06-2023,R&D,Cheque,Invoice,2023,6,June,2,Q2,Mid (₹10K–50K)
V018,BSNL,Telecom,36544.74,20-11-2023,Administration,NEFT,Invoice,2023,11,November,4,Q4,Mid (₹10K–50K)
V015,IBM India,Cloud Infrastructure,430583.92,02-06-2023,HR,Unknown,Invoice,2023,6,June,2,Q2,Critical (>₹2L)
V007,Mphasis,Cloud Infrastructure,8458.89,17-08-2023,Sales,UPI,Invoice,2023,8,August,3,Q3,Tail (<₹10K)
V014,SAP India,HR & Payroll,28491.72,09-10-2023,Finance,NEFT,Invoice,2023,10,October,4,Q4,Mid (₹10K–50K)
V014,SAP India,Logistics,9213.6,20-09-2023,HR,Bank Transfer,Invoice,2023,9,September,3,Q3,Tail (<₹10K)
V012,Microsoft India,Unknown,33684.23,09-01-2023,Operations,UPI,Invoice,2023,1,January,1,Q1,Mid (₹10K–50K)
V005,Tech Mahindra,Unknown,24674.51,17-09-2023,Legal,RTGS,Invoice,2023,9,September,3,Q3,Mid (₹10K–50K)
V005,Tech Mahindra,HR & Payroll,18896.67,28-09-2023,Marketing,Unknown,Invoice,2023,9,September,3,Q3,Mid (₹10K–50K)
V004,HCL Technologies,Cloud Infrastructure,160392.56,14-03-2023,Operations,RTGS,Invoice,2023,3,March,1,Q1,Strategic (₹50K–2L)
V020,Blue Dart Express,Marketing,32632.24,30-07-2023,IT,UPI,Invoice,2023,7,July,3,Q3,Mid (₹10K–50K)
V010,Capgemini India,Cloud Infrastructure,27773.7,02-12-2023,Operations,Credit Card,Invoice,2023,12,December,4,Q4,Mid (₹10K–50K)
V002,Infosys Ltd,Cloud Infrastructure,11785.32,22-10-2023,Legal,Cheque,Invoice,2023,10,October,4,Q4,Mid (₹10K–50K)
V014,SAP India,Cloud Infrastructure,12048.45,02-03-2023,Administration,Credit Card,Invoice,2023,3,March,1,Q1,Mid (₹10K–50K)
V014,SAP India,Facilities,77308.15,10-11-2023,Sales,Cheque,Invoice,2023,11,November,4,Q4,Strategic (₹50K–2L)
V015,IBM India,Facilities,34833.88,19-10-2023,Marketing,UPI,Invoice,2023,10,October,4,Q4,Mid (₹10K–50K)
V003,Wipro Technologies,Telecom,114096.76,16-10-2023,Administration,Unknown,Invoice,2023,10,October,4,Q4,Strategic (₹50K–2L)
V007,Mphasis,Telecom,82317.88,06-04-2023,Marketing,Bank Transfer,Invoice,2023,4,April,2,Q2,Strategic (₹50K–2L)
V008,Hexaware Technologies,Logistics,13097.63,26-01-2023,Administration,Bank Transfer,Invoice,2023,1,January,1,Q1,Mid (₹10K–50K)
V018,BSNL,IT Services,6159.17,01-12-2023,Operations,Unknown,Invoice,2023,12,December,4,Q4,Tail (<₹10K)
V017,Airtel Business,Cloud Infrastructure,90130.08,25-05-2023,Administration,Unknown,Invoice,2023,5,May,2,Q2,Strategic (₹50K–2L)
V005,Tech Mahindra,Facilities,20240.68,29-11-2023,Administration,RTGS,Invoice,2023,11,November,4,Q4,Mid (₹10K–50K)
V015,IBM India,Telecom,47086.91,08-07-2023,HR,Credit Card,Invoice,2023,7,July,3,Q3,Mid (₹10K–50K)
V014,SAP India,Marketing,76681.82,31-10-2023,Administration,Cheque,Invoice,2023,10,October,4,Q4,Strategic (₹50K–2L)
V018,BSNL,HR & Payroll,13265.73,25-03-2023,HR,Unknown,Invoice,2023,3,March,1,Q1,Mid (₹10K–50K)
V011,Amazon Web Services,Marketing,25026.23,09-11-2023,IT,Unknown,Invoice,2023,11,November,4,Q4,Mid (₹10K–50K)
V003,Wipro Technologies,Legal & Compliance,64793.91,02-11-2023,Procurement,UPI,Invoice,2023,11,November,4,Q4,Strategic (₹50K–2L)
V011,Amazon Web Services,Logistics,36544.74,23-12-2023,Administration,Credit Card,Invoice,2023,12,December,4,Q4,Mid (₹10K–50K)
V008,Hexaware Technologies,Legal & Compliance,6589.91,26-10-2023,Operations,UPI,Invoice,2023,10,October,4,Q4,Tail (<₹10K)
V004,HCL Technologies,Marketing,210823.91,11-07-2023,IT,Unknown,Invoice,2023,7,July,3,Q3,Critical (>₹2L)
V016,Reliance Jio,Logistics,12488.74,20-12-2023,Finance,RTGS,Invoice,2023,12,December,4,Q4,Mid (₹10K–50K)
V015,IBM India,Cloud Infrastructure,17689.91,23-01-2023,Marketing,Unknown,Invoice,2023,1,January,1,Q1,Mid (₹10K–50K)
V001,Tata Consultancy Services,Logistics,22062.94,07-11-2023,R&D,Credit Card,Invoice,2023,11,November,4,Q4,Mid (₹10K–50K)
V008,Hexaware Technologies,IT Services,36886.55,16-03-2023,Marketing,NEFT,Invoice,2023,3,March,1,Q1,Mid (₹10K–50K)
V019,DHL India,Telecom,93900.9,15-12-2023,Operations,NEFT,Invoice,2023,12,December,4,Q4,Strategic (₹50K–2L)
V020,BLUE DART EXPRESS,Cloud Infrastructure,38942.85,15-08-2023,Marketing,Credit Card,Invoice,2023,8,August,3,Q3,Mid (₹10K–50K)
V006,L&T Infotech,HR & Payroll,4945.22,05-08-2023,Finance,Bank Transfer,Invoice,2023,8,August,3,Q3,Tail (<₹10K)
V011,Amazon Web Services,Logistics,257530.53,22-03-2023,Marketing,Credit Card,Invoice,2023,3,March,1,Q1,Critical (>₹2L)
V017,Airtel Business,IT Services,39848.58,03-07-2023,Procurement,Cheque,Invoice,2023,7,July,3,Q3,Mid (₹10K–50K)
V004,HCL Technologies,IT Services,5648.83,25-08-2023,Sales,Cheque,Credit Note,2023,8,August,3,Q3,Tail (<₹10K)
V004,HCL Technologies,IT Services,59606.37,23-01-2023,HR,Cheque,Invoice,2023,1,January,1,Q1,Strategic (₹50K–2L)
V004,HCL Technologies,Legal & Compliance,12932.57,16-05-2023,Procurement,Cheque,Invoice,2023,5,May,2,Q2,Mid (₹10K–50K)
V014,SAP India,HR & Payroll,104607.2,24-05-2023,Marketing,Cheque,Invoice,2023,5,May,2,Q2,Strategic (₹50K–2L)
V020,Blue Dart Express,IT Services,8144.62,03-12-2023,R&D,Unknown,Invoice,2023,12,December,4,Q4,Tail (<₹10K)
V007,Mphasis,Facilities,47712.65,30-07-2023,HR,Bank Transfer,Invoice,2023,7,July,3,Q3,Mid (₹10K–50K)
V016,Reliance Jio,Telecom,233603.93,27-03-2023,Administration,Bank Transfer,Invoice,2023,3,March,1,Q1,Critical (>₹2L)
V002,Infosys Ltd,Marketing,72538.18,14-05-2023,Marketing,Unknown,Invoice,2023,5,May,2,Q2,Strategic (₹50K–2L)
V009,Cognizant India,Telecom,16058.13,13-12-2023,Marketing,UPI,Invoice,2023,12,December,4,Q4,Mid (₹10K–50K)
V009,Cognizant India,Cloud Infrastructure,153500.13,28-01-2023,Administration,Unknown,Invoice,2023,1,January,1,Q1,Strategic (₹50K–2L)
V018,BSNL,Facilities,20824.78,24-11-2023,Marketing,Credit Card,Invoice,2023,11,November,4,Q4,Mid (₹10K–50K)
V020,Blue Dart Express,Facilities,42484.25,27-09-2023,Administration,Cheque,Invoice,2023,9,September,3,Q3,Mid (₹10K–50K)
V004,HCL Technologies,IT Services,51810.3,30-09-2023,Legal,Cheque,Credit Note,2023,9,September,3,Q3,Strategic (₹50K–2L)
V017,Airtel Business,Legal & Compliance,72046.61,27-11-2023,Legal,Unknown,Invoice,2023,11,November,4,Q4,Strategic (₹50K–2L)
V019,DHL India,Unknown,126127.42,10-11-2023,Legal,Bank Transfer,Invoice,2023,11,November,4,Q4,Strategic (₹50K–2L)
V014,SAP India,HR & Payroll,33547.05,13-05-2023,R&D,RTGS,Invoice,2023,5,May,2,Q2,Mid (₹10K–50K)
V016,Reliance Jio,Cloud Infrastructure,20926.4,12-05-2023,Operations,Credit Card,Invoice,2023,5,May,2,Q2,Mid (₹10K–50K)
V014,SAP India,Facilities,39773.87,15-07-2023,Legal,Cheque,Invoice,2023,7,July,3,Q3,Mid (₹10K–50K)
V017,Airtel Business,Cloud Infrastructure,97370.93,10-03-2023,Administration,Unknown,Invoice,2023,3,March,1,Q1,Strategic (₹50K–2L)
V017,Airtel Business,Telecom,25366.66,01-09-2023,IT,Cheque,Invoice,2023,9,September,3,Q3,Mid (₹10K–50K)
V006,L&T Infotech,Cloud Infrastructure,10622.55,14-05-2023,Marketing,Credit Card,Invoice,2023,5,May,2,Q2,Mid (₹10K–50K)
V002,Infosys Ltd,HR & Payroll,51864.07,29-09-2023,HR,Cheque,Invoice,2023,9,September,3,Q3,Strategic (₹50K–2L)
V012,Microsoft India,Telecom,18176.31,30-11-2023,R&D,Unknown,Invoice,2023,11,November,4,Q4,Mid (₹10K–50K)
V011,Amazon Web Services,Telecom,20471.95,17-07-2023,Marketing,Credit Card,Invoice,2023,7,July,3,Q3,Mid (₹10K–50K)
V019,DHL India,Marketing,18197.11,08-07-2023,Administration,UPI,Invoice,2023,7,July,3,Q3,Mid (₹10K–50K)
V012,MICROSOFT INDIA,HR & Payroll,37885.22,22-03-2023,Legal,RTGS,Invoice,2023,3,March,1,Q1,Mid (₹10K–50K)
V015,IBM India,HR & Payroll,125361.68,21-12-2023,Administration,Cheque,Invoice,2023,12,December,4,Q4,Strategic (₹50K–2L)
V019,DHL INDIA,Legal & Compliance,74175.44,01-02-2023,HR,Credit Card,Invoice,2023,2,February,1,Q1,Strategic (₹50K–2L)
V013,Oracle India,HR & Payroll,55035.73,25-08-2023,HR,Credit Card,Invoice,2023,8,August,3,Q3,Strategic (₹50K–2L)
V009,Cognizant India,Marketing,89032.11,13-10-2023,Marketing,RTGS,Invoice,2023,10,October,4,Q4,Strategic (₹50K–2L)
V014,SAP India,Logistics,21251.49,09-06-2023,R&D,RTGS,Invoice,2023,6,June,2,Q2,Mid (₹10K–50K)
V009,Cognizant India,IT Services,15334.6,07-04-2023,Operations,Unknown,Invoice,2023,4,April,2,Q2,Mid (₹10K–50K)
V005,Tech Mahindra,Logistics,53879.28,17-06-2023,Procurement,NEFT,Invoice,2023,6,June,2,Q2,Strategic (₹50K–2L)
V017,Airtel Business,Marketing,53761.5,22-12-2023,HR,RTGS,Invoice,2023,12,December,4,Q4,Strategic (₹50K–2L)
V008,Hexaware Technologies,Unknown,149515.69,11-09-2023,R&D,UPI,Invoice,2023,9,September,3,Q3,Strategic (₹50K–2L)
V013,ORACLE INDIA,Marketing,50878.22,11-10-2023,Legal,RTGS,Invoice,2023,10,October,4,Q4,Strategic (₹50K–2L)
V020,Blue Dart Express,Telecom,97389.35,29-11-2023,Marketing,Cheque,Invoice,2023,11,November,4,Q4,Strategic (₹50K–2L)
V004,HCL Technologies,IT Services,12999.93,12-03-2023,Finance,Credit Card,Invoice,2023,3,March,1,Q1,Mid (₹10K–50K)
V013,Oracle India,Logistics,36544.74,04-12-2023,Finance,Cheque,Invoice,2023,12,December,4,Q4,Mid (₹10K–50K)
V011,Amazon Web Services,Marketing,35517.62,09-10-2023,Administration,Credit Card,Invoice,2023,10,October,4,Q4,Mid (₹10K–50K)
V012,Microsoft India,Legal & Compliance,17689.54,07-01-2023,Procurement,RTGS,Invoice,2023,1,January,1,Q1,Mid (₹10K–50K)
V016,Reliance Jio,HR & Payroll,22870.97,13-06-2023,Legal,Credit Card,Invoice,2023,6,June,2,Q2,Mid (₹10K–50K)
V006,L&T Infotech,Unknown,11062.94,27-10-2023,IT,Cheque,Invoice,2023,10,October,4,Q4,Mid (₹10K–50K)
V001,Tata Consultancy Services,Logistics,39380.81,30-01-2023,HR,NEFT,Invoice,2023,1,January,1,Q1,Mid (₹10K–50K)
V002,Infosys Ltd,Facilities,243584.74,23-03-2023,HR,Unknown,Invoice,2023,3,March,1,Q1,Critical (>₹2L)
V001,Tata Consultancy Services,IT Services,2293.18,01-01-2023,Legal,Unknown,Invoice,2023,1,January,1,Q1,Tail (<₹10K)
V013,Oracle India,Unknown,36868.43,12-02-2023,IT,Cheque,Invoice,2023,2,February,1,Q1,Mid (₹10K–50K)
V020,Blue Dart Express,Marketing,41485.83,24-07-2023,Marketing,Credit Card,Invoice,2023,7,July,3,Q3,Mid (₹10K–50K)
V001,Tata Consultancy Services,Facilities,12573.81,21-08-2023,Procurement,RTGS,Invoice,2023,8,August,3,Q3,Mid (₹10K–50K)
V013,Oracle India,IT Services,96281.45,01-01-2023,Procurement,UPI,Invoice,2023,1,January,1,Q1,Strategic (₹50K–2L)
V008,Hexaware Technologies,Telecom,18494.99,25-01-2023,Operations,Unknown,Invoice,2023,1,January,1,Q1,Mid (₹10K–50K)
V012,Microsoft India,IT Services,75886.95,25-04-2023,IT,Unknown,Invoice,2023,4,April,2,Q2,Strategic (₹50K–2L)
V006,L&T Infotech,Facilities,52510.03,15-12-2023,IT,NEFT,Invoice,2023,12,December,4,Q4,Strategic (₹50K–2L)
V012,Microsoft India,Cloud Infrastructure,13485.95,05-12-2023,Finance,Cheque,Invoice,2023,12,December,4,Q4,Mid (₹10K–50K)
V012,Microsoft India,Unknown,9125.32,26-04-2023,HR,Bank Transfer,Invoice,2023,4,April,2,Q2,Tail (<₹10K)
V019,DHL India,Marketing,25302.93,03-05-2023,Legal,RTGS,Invoice,2023,5,May,2,Q2,Mid (₹10K–50K)
V013,Oracle India,HR & Payroll,28899.9,02-05-2023,IT,UPI,Invoice,2023,5,May,2,Q2,Mid (₹10K–50K)
V008,Hexaware Technologies,IT Services,89901.46,11-01-2023,Marketing,RTGS,Invoice,2023,1,January,1,Q1,Strategic (₹50K–2L)
V006,L&T Infotech,HR & Payroll,438222.02,19-02-2023,Marketing,Cheque,Invoice,2023,2,February,1,Q1,Critical (>₹2L)
V003,Wipro Technologies,HR & Payroll,19219.7,17-06-2023,Sales,Cheque,Credit Note,2023,6,June,2,Q2,Mid (₹10K–50K)
V011,Amazon Web Services,HR & Payroll,345036.33,14-06-2023,Marketing,UPI,Invoice,2023,6,June,2,Q2,Critical (>₹2L)
V020,Blue Dart Express,Marketing,229956.14,26-04-2023,Marketing,Unknown,Invoice,2023,4,April,2,Q2,Critical (>₹2L)
V014,SAP India,Telecom,68580.6,28-07-2023,HR,Credit Card,Invoice,2023,7,July,3,Q3,Strategic (₹50K–2L)
V008,HEXAWARE TECHNOLOGIES,Cloud Infrastructure,31938.38,01-03-2023,Procurement,Cheque,Invoice,2023,3,March,1,Q1,Mid (₹10K–50K)
V012,Microsoft India,Facilities,3142.96,08-08-2023,HR,Unknown,Invoice,2023,8,August,3,Q3,Tail (<₹10K)
V015,IBM India,Telecom,26820.4,04-03-2023,HR,NEFT,Invoice,2023,3,March,1,Q1,Mid (₹10K–50K)
V011,Amazon Web Services,Cloud Infrastructure,3697907.91,21-11-2023,Sales,Bank Transfer,Invoice,2023,11,November,4,Q4,Critical (>₹2L)
V013,Oracle India,HR & Payroll,12221.15,10-09-2023,Procurement,Cheque,Invoice,2023,9,September,3,Q3,Mid (₹10K–50K)
V016,Reliance Jio,Logistics,96395.19,05-01-2023,Finance,RTGS,Invoice,2023,1,January,1,Q1,Strategic (₹50K–2L)
V001,Tata Consultancy Services,Facilities,16610.61,01-08-2023,Operations,NEFT,Invoice,2023,8,August,3,Q3,Mid (₹10K–50K)
V006,L&T Infotech,Marketing,36544.74,14-05-2023,Finance,Cheque,Invoice,2023,5,May,2,Q2,Mid (₹10K–50K)
V007,Mphasis,Marketing,91210.17,10-02-2023,Marketing,Unknown,Invoice,2023,2,February,1,Q1,Strategic (₹50K–2L)
V010,Capgemini India,Facilities,327011.47,07-02-2023,Procurement,Cheque,Invoice,2023,2,February,1,Q1,Critical (>₹2L)
V011,Amazon Web Services,Facilities,174306.64,06-12-2023,Procurement,Unknown,Invoice,2023,12,December,4,Q4,Strategic (₹50K–2L)
V020,Blue Dart Express,IT Services,108932.37,26-11-2023,Operations,Cheque,Invoice,2023,11,November,4,Q4,Strategic (₹50K–2L)
V019,DHL India,Cloud Infrastructure,71365.02,06-07-2023,Sales,Bank Transfer,Invoice,2023,7,July,3,Q3,Strategic (₹50K–2L)
V017,Airtel Business,IT Services,90288.29,08-07-2023,Finance,Unknown,Invoice,2023,7,July,3,Q3,Strategic (₹50K–2L)
V005,Tech Mahindra,HR & Payroll,103295.56,02-12-2023,Legal,Bank Transfer,Invoice,2023,12,December,4,Q4,Strategic (₹50K–2L)
V015,IBM India,HR & Payroll,31651.86,13-01-2023,Legal,Cheque,Invoice,2023,1,January,1,Q1,Mid (₹10K–50K)
V005,TECH MAHINDRA,Unknown,35969.72,13-09-2023,Marketing,Cheque,Invoice,2023,9,September,3,Q3,Mid (₹10K–50K)
V002,Infosys Ltd,Cloud Infrastructure,463511.95,12-08-2023,Legal,Cheque,Invoice,2023,8,August,3,Q3,Critical (>₹2L)
V010,Capgemini India,IT Services,19214.08,13-04-2023,Legal,RTGS,Invoice,2023,4,April,2,Q2,Mid (₹10K–50K)
V011,Amazon Web Services,Telecom,25683.64,28-03-2023,Administration,Credit Card,Invoice,2023,3,March,1,Q1,Mid (₹10K–50K)
V012,Microsoft India,Cloud Infrastructure,5864.99,10-02-2023,Procurement,Cheque,Invoice,2023,2,February,1,Q1,Tail (<₹10K)
V001,Tata Consultancy Services,Logistics,46113.99,20-10-2023,HR,Cheque,Invoice,2023,10,October,4,Q4,Mid (₹10K–50K)
V008,hexaware technologies,Logistics,26434.14,06-03-2023,Finance,Credit Card,Invoice,2023,3,March,1,Q1,Mid (₹10K–50K)
V011,Amazon Web Services,Telecom,80382.91,14-03-2023,HR,Bank Transfer,Invoice,2023,3,March,1,Q1,Strategic (₹50K–2L)
V013,Oracle India,Marketing,12356.07,07-10-2023,R&D,NEFT,Invoice,2023,10,October,4,Q4,Mid (₹10K–50K)
V001,Tata Consultancy Services,Facilities,38492.78,17-01-2023,R&D,NEFT,Invoice,2023,1,January,1,Q1,Mid (₹10K–50K)
V004,HCL Technologies,Logistics,553950.95,14-04-2023,Sales,RTGS,Invoice,2023,4,April,2,Q2,Critical (>₹2L)
V018,BSNL,Cloud Infrastructure,19847.42,10-05-2023,Legal,RTGS,Invoice,2023,5,May,2,Q2,Mid (₹10K–50K)
V003,Wipro Technologies,Legal & Compliance,49605.62,21-12-2023,R&D,Cheque,Invoice,2023,12,December,4,Q4,Mid (₹10K–50K)
V007,Mphasis,Telecom,34787.34,07-02-2023,R&D,Cheque,Invoice,2023,2,February,1,Q1,Mid (₹10K–50K)
V003,Wipro Technologies,HR & Payroll,77707.17,16-02-2023,Procurement,NEFT,Invoice,2023,2,February,1,Q1,Strategic (₹50K–2L)
V013,Oracle India,Telecom,3457.83,05-08-2023,Marketing,Credit Card,Invoice,2023,8,August,3,Q3,Tail (<₹10K)
